t (YYYYMMDD_HH:MM:SS),T (Â°C),RH (%RH),P (kPa)
20240323_172900 , 18.34236571137444 , 32.39160488857651 , 949.97801884488
20240323_173000 , 18.367710107937455 , 32.39125905021487 , 949.9614152324938
20240323_173100 , 18.534983307734365 , 31.999590592733004 , 949.8301058176058
20240323_173200 , 18.6617056397954 , 31.70280664505181 , 949.746900501951
20240323_173300 , 18.742808027775027 , 31.44551756545116 , 949.785556834035
20240323_173400 , 18.712394623551518 , 31.574018147110166 , 949.848817276508
20240323_173500 , 18.874599567148834 , 31.393300723044625 , 949.9531678934801
20240323_173600 , 19.067218324751593 , 31.2007862587026 , 949.9941498095369
20240323_173700 , 19.23956177989021 , 31.002854431451148 , 950.0592104765877
20240323_173800 , 19.401767692063004 , 30.732440006339168 , 949.97384849267
20240323_173900 , 19.49807759342366 , 30.563407295567824 , 949.9535599472619
20240323_174000 , 19.60959445257322 , 30.483270085956843 , 949.9015061109146
20240323_174100 , 19.670421889662975 , 30.3426531560012 , 949.8558482742965
20240323_174200 , 19.716042494983412 , 30.25250728588938 , 949.8689944741756
20240323_174300 , 19.634939212934114 , 30.226148255231543 , 949.9118268456508
20240323_174400 , 19.50314653851092 , 30.401565350053783 , 949.8527252199491
20240323_174500 , 19.351078312494792 , 30.61068382932464 , 949.8448715196679
20240323_174600 , 19.193941420788178 , 30.808580822648143 , 949.8294487291066
20240323_174700 , 19.067218324751593 , 30.966800503263947 , 949.7776659968342
20240323_174800 , 18.910081938287476 , 31.22009805916819 , 949.7350414035012
20240323_174900 , 18.793497058097273 , 31.41687387183597 , 949.8333768160281
20240323_175000 , 18.676912331866333 , 31.630225808277647 , 949.8504925705384
20240323_175100 , 18.56539665083983 , 31.815553627571806 , 949.8209607576059
20240323_175200 , 18.469087766949087 , 31.994989907550437 , 949.8949626832931
20240323_175300 , 18.393054511776427 , 32.1240007836848 , 949.8637134796772
20240323_175400 , 18.367710107937455 , 32.25225289994444 , 949.9073544885254
20240323_175500 , 18.317021322087385 , 32.39195047330547 , 949.9405622265076
20240323_175600 , 18.266332565341145 , 32.51493342062229 , 950.0007807688623
20240323_175700 , 18.205506095662713 , 32.671360843494085 , 950.0189703106313
20240323_175800 , 18.170024007704342 , 32.77740506968833 , 950.1016311882931
20240323_175900 , 18.170024007704342 , 33.021904846917785 , 950.0205653639323
20240323_180000 , 18.12947306749993 , 33.216855006783554 , 950.0687024390166
20240323_180100 , 18.06357782939449 , 33.389823361101364 , 949.9712857177042
20240323_180200 , 17.99261378182564 , 33.70717261298684 , 950.0014509274599
20240323_180300 , 18.180161745665828 , 33.2829387085408 , 950.0355514939376
20240323_180400 , 18.524845529027516 , 32.87297961256844 , 950.0584627547543
20240323_180500 , 18.88473738601897 , 32.76266155415824 , 950.0222475697053
20240323_180600 , 19.19901034841314 , 32.01209233260356 , 950.0263957141553
20240323_180700 , 19.44738815855817 , 31.52339450567858 , 950.1495068721964
20240323_180800 , 19.65014607264311 , 31.375115217102703 , 950.1509554970688
20240323_180900 , 19.56904285112978 , 31.42663801984141 , 950.1395620744426
20240323_181000 , 19.38149193674326 , 31.691675090156917 , 950.2146570778646
20240323_181100 , 19.28011322999373 , 31.977455790297014 , 950.3356519884472
20240323_181200 , 19.168596787028946 , 32.29664491437336 , 950.360395091828
20240323_181300 , 19.26997536572162 , 32.6072078339181 , 950.374816701506
20240323_181400 , 19.18380356641137 , 32.914709762622174 , 950.4640575156213
20240323_181500 , 18.94049541061395 , 33.24621078654682 , 950.4022206893621
20240323_181600 , 18.75294583151117 , 33.6879355581666 , 950.4767079913031
20240323_181700 , 18.59074111143127 , 34.16788843537183 , 950.5344068757674
20240323_181800 , 18.499501087353565 , 34.368886223377466 , 950.5887719811286
20240323_181900 , 18.387985630426556 , 34.51439353845114 , 950.5320089143747
20240323_182000 , 18.29674581589643 , 34.68186721387885 , 950.5592577388006
20240323_182100 , 18.215643837698735 , 34.838070746679776 , 950.4933645871596
20240323_182200 , 18.15988627090701 , 34.87183885762388 , 950.6000559874363
20240323_182300 , 18.06864669211791 , 35.13906254454937 , 950.6272048490429
20240323_182400 , 18.038233520142967 , 35.11707786332184 , 950.5822123262873
20240323_182500 , 18.12947306749993 , 35.22190758179627 , 950.6361306189305
20240323_182600 , 18.164955139160156 , 35.07727394272233 , 950.6075539071727
20240323_182700 , 18.393054511776427 , 34.68661179253419 , 950.7557600642955
20240323_182800 , 18.74787692949758 , 34.12742595187867 , 950.7937822151017
20240323_182900 , 19.153390010265866 , 33.41628942081893 , 950.7438998800119
20240323_183000 , 19.44738815855817 , 32.89461434710288 , 950.8264384388148
20240323_183100 , 19.660283980570966 , 32.65209795008104 , 950.7618224954888
20240323_183200 , 19.53862916227081 , 32.91015794259481 , 950.7716912924537
20240323_183300 , 19.39669875279651 , 33.06800498779583 , 950.8598411541709
20240323_183400 , 19.351078312494792 , 33.13543106421724 , 950.7924264716149
20240323_183500 , 19.19901034841314 , 33.16514673117919 , 950.8113245748647
20240323_183600 , 18.849255025066668 , 33.53665509708142 , 950.9166358165613
20240323_183700 , 18.59074111143127 , 33.88431322559553 , 950.9670552885251
20240323_183800 , 18.423467805987457 , 34.12504026412652 , 950.9629454725791
20240323_183900 , 18.276470314362086 , 34.35426125327755 , 950.9617035425237
20240323_184000 , 18.195368354790844 , 34.45498662804284 , 950.9768243605009
20240323_184100 , 18.144679667893797 , 34.34990975099749 , 951.0099038002911
20240323_184200 , 18.078784418437863 , 34.57818748506581 , 951.1015179526142
20240323_184300 , 18.114266469725408 , 34.51679539937363 , 951.0729764781202
20240323_184400 , 18.033164659165777 , 34.55636841128362 , 951.1150450641068
20240323_184500 , 18.175092876539566 , 34.349632443525536 , 951.0278898742993
20240323_184600 , 18.1548174029449 , 34.53310339538838 , 951.1600165479076
20240323_184700 , 18.24605707079172 , 34.510087479401555 , 951.1869626814962
20240323_184800 , 18.23591932526324 , 34.45462572830261 , 951.3070863568255
20240323_184900 , 18.681981229805388 , 33.83331294138837 , 951.3183751553505
20240323_185000 , 19.016529137268662 , 33.29540571522825 , 951.2992885983417
20240323_185100 , 19.305457895767177 , 32.801730363316715 , 951.3205867421013
20240323_185200 , 19.487939704122255 , 32.45375902427323 , 951.3196296073972
20240323_185300 , 19.44231921667233 , 32.84452338864852 , 951.3063422135849
20240323_185400 , 19.38149193674326 , 32.672571645631926 , 951.3247161436498
20240323_185500 , 19.28011322999373 , 32.99704028024717 , 951.4184645579718
20240323_185600 , 19.05201156545081 , 34.07988619562886 , 951.5141344317584
20240323_185700 , 19.092562929406995 , 34.252036346348675 , 951.4117486153327
20240323_185800 , 19.61466340406332 , 32.97050096659731 , 951.4528094838267
20240323_185900 , 19.42204345203936 , 32.984102094025204 , 951.4929807268613
20240323_190000 , 19.13311431198963 , 33.255044998095514 , 951.5799870749689
20240323_190100 , 18.92528867314104 , 33.46345076798999 , 951.4348965282431
20240323_190200 , 18.712394623551518 , 33.68837494479777 , 951.5256521950068
20240323_190300 , 18.540052197524346 , 33.879276794424506 , 951.4598909573426
20240323_190400 , 18.43867445702199 , 33.9414661771662 , 951.5531630422888
20240323_190500 , 18.327159076929092 , 34.02039427349433 , 951.4421472972525
20240323_190600 , 18.24605707079172 , 34.10453660292294 , 951.5383018048617
20240323_190700 , 18.1548174029449 , 34.1220846789004 , 951.430237659759
20240323_190800 , 18.09905987457023 , 34.17260629479595 , 951.4287455088624
20240323_190900 , 18.32209019936272 , 34.07045648202778 , 951.434643712162
20240323_191000 , 18.63129226351157 , 33.92838176481334 , 951.6219758025525
20240323_191100 , 18.905013027251698 , 33.50263820145472 , 951.4590098463514
20240323_191200 , 19.13311431198963 , 33.160380944880046 , 951.5799870749689
20240323_191300 , 19.315595764113823 , 32.896311078686026 , 951.4167935725507
20240323_191400 , 19.45752604320296 , 32.69942024321657 , 951.5725292938396
20240323_191500 , 19.315595764113823 , 32.69016739034033 , 951.3626491993014
20240323_191600 , 19.14325216054567 , 32.9820550751947 , 951.4325952394329
20240323_191700 , 19.00132238669903 , 33.139715380526354 , 951.6015013397315
20240323_191800 , 18.773221442475915 , 33.40954679382061 , 951.6156701028922
20240323_191900 , 18.681981229805388 , 33.57746230555602 , 951.5617794149331
20240323_192000 , 18.550189977977425 , 33.740168618701034 , 951.6371311540829
20240323_192100 , 18.453881110675866 , 33.98022251233243 , 951.6838150149373
20240323_192200 , 18.43867445702199 , 34.085984546038475 , 951.7424050639504
20240323_192300 , 18.352503469126532 , 34.159072188075314 , 951.777004917765
20240323_192400 , 18.337296832934953 , 34.303694403623744 , 951.700425988563
20240323_192500 , 18.271401439706096 , 34.58764056696713 , 951.8190737564939
20240323_192600 , 18.317021322087385 , 34.68169653743783 , 951.8866389303042
20240323_192700 , 18.357572348439135 , 34.71469229006653 , 951.7845111006966
20240323_192800 , 18.367710107937455 , 34.81462063232928 , 951.8806184749351
20240323_192900 , 18.362641228042776 , 34.731318765250194 , 951.9001430337349
20240323_193000 , 18.327159076929092 , 34.842728685455285 , 951.9016536716347
20240323_193100 , 18.317021322087385 , 34.94836360063877 , 951.9947570491189
20240323_193200 , 18.220712709153304 , 35.09351883157598 , 951.9872315508015
20240323_193300 , 18.50963886315003 , 34.70785797785249 , 952.0908211884056
20240323_193400 , 18.783359249704517 , 34.29951165714718 , 952.1175657809924
20240323_193500 , 19.021598054707283 , 33.84086082774199 , 952.1185777719409
20240323_193600 , 19.209148204536177 , 33.36551932517769 , 952.0714194802654
20240323_193700 , 19.34094044007361 , 32.99070127929702 , 952.076964275463
20240323_193800 , 19.462594985961914 , 32.69935258305104 , 952.0674439719357
20240323_193900 , 19.57918074974441 , 32.380007609519474 , 952.0774476437628
20240323_194000 , 19.685628755483776 , 32.116383233746184 , 952.0724055455904
20240323_194100 , 19.766732084099203 , 31.903205380905728 , 952.1923830819744
20240323_194200 , 19.832628593459958 , 31.74039132040387 , 952.1814889875985
20240323_194300 , 19.660283980570966 , 31.782126503335366 , 952.1432638113233
20240323_194400 , 19.472732872352935 , 32.013597389188206 , 952.217841529592
20240323_194500 , 19.19901034841314 , 32.21265137585261 , 952.3270923949617
20240323_194600 , 19.04187372737215 , 32.45435849157054 , 952.3921423292752
20240323_194700 , 18.818841584172333 , 32.65221063810106 , 952.5217747180396
20240323_194800 , 18.621154473745264 , 32.92738822125641 , 952.6075518179684
20240323_194900 , 18.499501087353565 , 33.13465693126274 , 952.6165593387574
20240323_195000 , 18.387985630426556 , 33.286088155773456 , 952.6675652593025
20240323_195100 , 18.256194817484356 , 33.49322935391326 , 952.6073649779554
20240323_195200 , 18.266332565341145 , 33.643154313581135 , 952.649420368769
20240323_195300 , 18.210574966535205 , 33.72153872537866 , 952.6748689819173
20240323_195400 , 18.14974853527383 , 33.83328338194051 , 952.6657629633439
20240323_195500 , 18.06357782939449 , 33.8452764500506 , 952.592048424768
20240323_195600 , 17.967269492946798 , 33.95175991186103 , 952.6113548425075
20240323_195700 , 18.002751499414444 , 34.01248897389921 , 952.6639673956737
20240323_195800 , 17.952062923111953 , 34.05740435159765 , 952.6158212114898
20240323_195900 , 17.8810989651829 , 34.085848451414854 , 952.6726645751115
20240323_200000 , 17.84561700760969 , 34.14169685256936 , 952.620045052751
20240323_200100 , 18.073715555132367 , 33.95069833297048 , 952.7691959741476
20240323_200200 , 18.423467805987457 , 33.48580763076782 , 952.8823667994762
20240323_200300 , 18.737739126343513 , 32.976000561834766 , 952.9155519834702
20240323_200400 , 18.991184554441134 , 32.52743705393575 , 952.7770862581518
20240323_200500 , 19.173665713198716 , 32.24086804552303 , 952.8038414794231
20240323_200600 , 19.325733633624623 , 32.015784760187294 , 952.8666613016804
20240323_200700 , 19.43725027507753 , 31.763275599406988 , 952.8964445834306
20240323_200800 , 19.50314653851092 , 31.645168296145627 , 952.8586326242809
20240323_200900 , 19.45752604320296 , 31.573409541263658 , 952.9264732569411
20240323_201000 , 19.19901034841314 , 31.789235201340787 , 953.0308610550106
20240323_201100 , 19.021598054707283 , 31.920039918272 , 952.9303860711615
20240323_201200 , 18.889806295890594 , 32.08902852572217 , 952.9786119351505
20240323_201300 , 18.707325723866234 , 32.230792771523255 , 953.0327586871347
20240323_201400 , 18.58060332632158 , 32.45509726511055 , 952.8719614657739
20240323_201500 , 18.443743341282243 , 32.690506013159776 , 952.99353304287
20240323_201600 , 18.32209019936272 , 32.9366746208933 , 952.8401974491518
20240323_201700 , 18.24098819788196 , 33.11551852746709 , 952.8010378421449
20240323_201800 , 18.175092876539566 , 33.27188473386013 , 952.8114344003803
20240323_201900 , 18.164955139160156 , 33.35534324390574 , 952.8774730415478
20240323_202000 , 18.078784418437863 , 33.46741924629513 , 953.0198916455402
20240323_202100 , 18.06864669211791 , 33.617502982629375 , 952.8967766169474
20240323_202200 , 18.01795807798044 , 33.645815930044066 , 952.9837056851356
20240323_202300 , 18.038233520142967 , 33.77889155012216 , 953.0407988789474
20240323_202400 , 17.93178750074003 , 33.81885978105583 , 952.9909593436046
20240323_202500 , 17.901374375913292 , 33.93575965095335 , 953.188954755176
20240323_202600 , 17.89123666996602 , 33.946963852756085 , 953.119888266921
20240323_202700 , 17.901374375913292 , 34.002379917731325 , 953.3510298412541
20240323_202800 , 17.906443229323486 , 33.9912267601378 , 953.1694633648054
20240323_202900 , 18.012889218167402 , 33.87911410740189 , 953.3814458561912
20240323_203000 , 18.34236571137444 , 33.35887589747159 , 953.1676031576346
20240323_203100 , 18.6566367430205 , 32.888002992067435 , 953.2010257467886
20240323_203200 , 18.905013027251698 , 32.52303803955157 , 953.3258161993435
20240323_203300 , 19.12297646459774 , 32.09677080062197 , 953.4865798269035
20240323_203400 , 19.305457895767177 , 31.80989394468618 , 953.3510154769683
20240323_203500 , 19.44738815855817 , 31.52339450567858 , 953.3718025498227
20240323_203600 , 19.54876705739298 , 31.33216417598108 , 953.3324413067163
20240323_203700 , 19.640008165879408 , 31.085221115081378 , 953.4676225698563
20240323_203800 , 19.65014607264311 , 31.01252733555598 , 953.4555551708406
20240323_203900 , 19.467663929011906 , 31.155071317378763 , 953.5101671024595
20240323_204000 , 19.285182162566343 , 31.342068644909983 , 953.6458354456672
20240323_204100 , 19.15845893556252 , 31.50571846563935 , 953.5121143955071
20240323_204200 , 19.05201156545081 , 31.613246362377986 , 953.6249405865565
20240323_204300 , 18.960771064652363 , 31.781736609898637 , 953.7602385884462
20240323_204400 , 18.869530658150325 , 32.005817566846346 , 953.7601925058733
20240323_204500 , 18.7276013243536 , 32.22494107301629 , 953.9013099593203
20240323_204600 , 18.626223368482897 , 32.38771701135855 , 953.7779414925665
20240323_204700 , 18.52991441823542 , 32.58927250921656 , 953.8784132399992
20240323_204800 , 18.464018881233642 , 32.71248578870684 , 953.8887753606928
20240323_204900 , 18.47415665295557 , 32.879179089545715 , 953.822708197403
20240323_205000 , 18.418398922891356 , 32.99107770232319 , 954.0914238114314
20240323_205100 , 18.30688356840983 , 33.07026397802908 , 954.0610363466491
20240323_205200 , 18.170024007704342 , 33.25527473701833 , 954.1281049744637
20240323_205300 , 18.114266469725408 , 33.43924923846935 , 954.1533984420613
20240323_205400 , 18.053440104820766 , 33.53435273372289 , 954.1171078541288
20240323_205500 , 17.987544923467794 , 33.65169346443953 , 954.2083661180704
20240323_205600 , 17.916580937016988 , 33.730180336359844 , 954.2380306566838
20240323_205700 , 17.86589241019101 , 33.81953377492784 , 954.2437683636495
20240323_205800 , 17.86589241019101 , 33.89725365870217 , 954.1897451266092
20240323_205900 , 17.80506621641689 , 34.019974294471 , 954.2344338585124
20240323_210000 , 17.749308908940293 , 33.99831773365186 , 954.3406444756496
20240323_210100 , 18.033164659165777 , 33.795605059204526 , 954.3031473571582
20240323_210200 , 18.418398922891356 , 33.16898672277578 , 954.361778062937
20240323_210300 , 18.763083636411466 , 32.64181780129955 , 954.3867603681044
20240323_210400 , 19.026666972436942 , 32.13715680014126 , 954.4262665090679
20240323_210500 , 19.24969964066986 , 31.710445738981402 , 954.4324388646256
20240323_210600 , 19.43725027507753 , 31.39532827761681 , 954.385786132991
20240323_210700 , 19.574111800291575 , 31.12538773371133 , 954.5075624098272
20240323_210800 , 19.675490844645537 , 30.92282672744129 , 954.5766847535596
20240323_210900 , 19.751525204308564 , 30.77641518159471 , 954.5540089604453
20240323_211000 , 19.518353375518927 , 30.931142140443427 , 954.5331827479506
20240323_211100 , 19.275044297712157 , 31.214046359111315 , 954.5241904068155
20240323_211200 , 19.03173589045764 , 31.407475837842263 , 954.5149754805257
20240323_211300 , 18.88473738601897 , 31.549045812512386 , 954.5132460030031
20240323_211400 , 18.707325723866234 , 31.71880377725046 , 954.6015194652335
20240323_211500 , 18.550189977977425 , 31.965989893476284 , 954.6115714206451
20240323_211600 , 18.47415665295557 , 32.211831782691604 , 954.6068049603599
20240323_211700 , 18.443743341282243 , 32.32904742012584 , 954.7238543911985
20240323_211800 , 18.347434590104967 , 32.43601446770636 , 954.6889224854391
20240323_211900 , 18.327159076929092 , 32.57527483548156 , 954.7128651808
20240323_212000 , 18.210574966535205 , 32.67685286672981 , 954.7288542092263
20240323_212100 , 18.139610800804803 , 32.833356941752456 , 954.7585320689452
20240323_212200 , 18.073715555132367 , 32.90640719105077 , 954.7957169676204
20240323_212300 , 18.04837124297046 , 33.00671391693861 , 954.8931504649101
20240323_212400 , 17.99261378182564 , 33.08515051620022 , 954.8643102006383
20240323_212500 , 17.936856355896452 , 33.196884869801636 , 954.9165083917392
20240323_212600 , 17.906443229323486 , 33.330508763003316 , 955.0063663388787
20240323_212700 , 17.89123666996602 , 33.1752050350664 , 954.956744450129
20240323_212800 , 18.002751499414444 , 33.15168167190434 , 954.960433057197
20240323_212900 , 18.362641228042776 , 32.71379709618867 , 954.9548142695504
20240323_213000 , 18.707325723866234 , 32.28087454916477 , 955.0072433642755
20240323_213100 , 18.996253470424563 , 31.79790235416375 , 954.9494024566656
20240323_213200 , 19.219286061823368 , 31.39887172565297 , 954.9016459066498
20240323_213300 , 19.39669875279651 , 31.1060899676661 , 955.0025784098581
20240323_213400 , 19.52849126831279 , 30.869616528617232 , 955.0357283410017
20240323_213500 , 19.660283980570966 , 30.649717963221313 , 955.0688247502895
20240323_213600 , 19.690697711339453 , 30.537572877138103 , 955.0597835056636
20240323_213700 , 19.487939704122255 , 30.647249617690814 , 955.0026184872356
20240323_213800 , 19.229423920274712 , 30.91942791577486 , 955.0791219842333
20240323_213900 , 19.072287245100597 , 31.08928097758689 , 955.03525279497
20240323_214000 , 18.960771064652363 , 31.24710820307385 , 955.086125962234
20240323_214100 , 18.849255025066668 , 31.34916577115614 , 955.1369328889044
20240323_214200 , 18.66677453686134 , 31.474555285468348 , 955.109282874115
20240323_214300 , 18.611016685143113 , 31.686889840627476 , 955.323927874145
20240323_214400 , 18.453881110675866 , 31.76160548728663 , 955.1985507413416
20240323_214500 , 18.327159076929092 , 31.858047196564144 , 955.3075695819805
20240323_214600 , 18.31195244510309 , 32.03063770844047 , 955.1227741078536
20240323_214700 , 18.32209019936272 , 31.969329082245583 , 955.1919062223922
20240323_214800 , 18.23591932526324 , 31.981703489227254 , 955.3611314625223
20240323_214900 , 18.1548174029449 , 31.95509034792164 , 955.4297212605145
20240323_215100 , 18.11933533535921 , 32.016741114816725 , 955.403980087621
20240323_215200 , 17.99261378182564 , 32.007452348440914 , 955.4046639969034
20240323_215300 , 17.987544923467794 , 32.096419382883006 , 955.208002025053
20240323_215400 , 17.997682640474522 , 32.04627176544627 , 955.4662391295947
20240323_215500 , 17.936856355896452 , 31.991588003555833 , 955.483830363631
20240323_215600 , 17.830410458729602 , 31.90980812712776 , 955.4875613916026
20240323_215700 , 17.723964689910645 , 32.02240868587244 , 955.4912472613911
20240323_215800 , 17.89123666996602 , 31.82559779473928 , 955.4429850527531
20240323_215900 , 18.276470314362086 , 31.480709167340006 , 955.3943955665409
20240323_220000 , 18.626223368482897 , 31.091199011079173 , 955.4276639613006
20240323_220100 , 18.910081938287476 , 30.819115059259012 , 955.4708124373279
20240323_220200 , 19.13818323612213 , 30.653526929973246 , 955.457919203887
20240323_220300 , 19.320664698723704 , 30.561056758921175 , 955.512432735211
20240323_220400 , 19.48287075990811 , 30.401941993155695 , 955.5367342155815
20240323_220500 , 19.619732355844462 , 30.259914128171694 , 955.4962206922407
20240323_220600 , 19.52849126831279 , 30.150073980984864 , 955.5232397500122
20240323_220700 , 19.28011322999373 , 30.37225004658686 , 955.6417106560823
20240323_220800 , 19.09763185121119 , 30.57624033129536 , 955.6141997985735
20240323_220900 , 18.95063323705108 , 30.76270735697273 , 955.6122503628837
20240323_221000 , 18.905013027251698 , 30.79692541130097 , 955.5444517619227
20240323_221100 , 18.783359249704517 , 30.882566230482116 , 955.6882889516752
20240323_221200 , 18.56539665083983 , 31.025436691855894 , 955.6888087364827
20240323_221300 , 18.367710107937455 , 31.20674621351441 , 955.6381956145077
20240323_221400 , 18.291676940076286 , 31.40262056455647 , 955.606221385306
20240323_221500 , 18.215643837698735 , 31.420505697638635 , 955.6823430236789
20240323_221600 , 18.11933533535921 , 31.516520357638345 , 955.5120735461555
20240323_221700 , 18.114266469725408 , 31.627764369169427 , 955.7207207357752
20240323_221800 , 18.028095798479626 , 31.562395439096008 , 955.7816713660962
20240323_221900 , 17.997682640474522 , 31.59620471076034 , 955.682384745482
20240323_222000 , 18.023026938084513 , 31.606930260543347 , 955.6930714338221
20240323_222100 , 17.982476065400988 , 31.479748085647582 , 955.7948496334211
20240323_222200 , 17.921649791300297 , 31.54181059216511 , 955.8124051324126
20240323_222300 , 17.93178750074003 , 31.513874085333196 , 955.9625686880867
20240323_222400 , 17.855754708318273 , 31.403947202393457 , 955.9034363314793
20240323_222500 , 17.840548157691956 , 31.45973639323412 , 955.9348275578807
20240323_222600 , 17.794928521529073 , 31.482664335669273 , 955.8399189066894
20240323_222700 , 17.779721981380135 , 31.471791805673885 , 955.9523321118514
20240323_222800 , 17.997682640474522 , 31.15163610029885 , 955.9795868535432
20240323_222900 , 18.347434590104967 , 30.817729746248464 , 955.9865117962214
20240323_223000 , 18.6617056397954 , 30.467162568154453 , 956.0483899197866
20240323_223100 , 18.920219761232147 , 30.273068171780228 , 956.0540970081379
20240323_223200 , 19.117907541338354 , 30.05201444576393 , 956.0232616458567
20240323_223300 , 19.275044297712157 , 29.998807563818062 , 956.1215016605395
20240323_223400 , 19.411905571469106 , 29.918064920035395 , 956.0812388523174
20240323_223500 , 19.53356021514628 , 29.85430374912106 , 956.099543294547
20240323_223600 , 19.64507711911574 , 29.762802105048593 , 956.0485542212862
20240323_223700 , 19.74138728590333 , 29.65481132865803 , 956.0561890067245
20240323_223800 , 19.832628593459958 , 29.535705310735324 , 956.0833575028555
20240323_223900 , 19.88331824951456 , 29.456481752836844 , 956.0502631214581
20240323_224000 , 19.944145875197137 , 29.37702392612892 , 956.0322115658033
20240323_224100 , 20.01004251698032 , 29.275089798822613 , 956.1571969564254
20240323_224200 , 19.81235273918719 , 29.256961899340155 , 956.1887200290143
20240323_224300 , 19.411905571469106 , 29.494161164082243 , 956.135397846099
20240323_224400 , 19.112838618370006 , 29.784581229084733 , 956.286392622537
20240323_224500 , 18.879668476438383 , 29.984170831928665 , 956.1831962466028
20240323_224600 , 18.7225324237952 , 30.131978395166087 , 956.2200103391446
20240323_224700 , 18.57553443420329 , 30.20711763383654 , 956.2447497978881
20240323_224800 , 18.418398922891356 , 30.37697558497807 , 956.2543084310653
20240323_224900 , 18.266332565341145 , 30.50767285452571 , 956.2713104258955
20240323_225000 , 18.180161745665828 , 30.614867802255983 , 956.1700927675768
20240323_225100 , 18.09399101010058 , 30.694218086105927 , 956.2850563863052
20240323_225200 , 17.99261378182564 , 30.83493231195415 , 956.1881898257446
20240323_225300 , 17.926718645874644 , 30.88051192267576 , 956.1441329651527
20240323_225400 , 17.850685857818462 , 30.981805531752755 , 956.1660140318272
20240323_225500 , 17.73410237664939 , 31.028181712505873 , 956.1004846694215
20240323_225600 , 17.653000915335724 , 31.140585141601992 , 956.0877564411957
20240323_225700 , 17.69355163667933 , 31.10660419934897 , 956.0401124671974
20240323_225800 , 17.647932076477446 , 31.1406674603054 , 956.0262024056781
20240323_225900 , 17.551624193467433 , 31.025638809886814 , 956.0718149466262
20240323_230000 , 17.663138593925396 , 31.05156717621997 , 956.0218383988412
20240323_230100 , 18.06864669211791 , 30.677981992480237 , 956.1122213533714
20240323_230200 , 18.448812225833535 , 30.298517467580613 , 956.2184505792866
20240323_230300 , 18.75294583151117 , 29.958769963472573 , 956.1570464161811
20240323_230400 , 19.006391303264536 , 29.714249115187 , 956.1551701293081
20240323_230500 , 19.193941420788178 , 29.537670445607375 , 956.1633652546923
20240323_230600 , 19.35614724914194 , 29.417226334081402 , 956.1879101749265
20240323_230700 , 19.477801815985003 , 29.219427220782624 , 956.233342479385
20240323_230800 , 19.589318649523193 , 29.267280432432617 , 956.2094928892518
20240323_230900 , 19.685628755483776 , 29.27640185282192 , 956.1358985515376
20240323_231000 , 19.771801044611493 , 29.185245578205226 , 956.1013745496731
20240323_231100 , 19.847835487220436 , 29.02725791796672 , 956.1059487268157
20240323_231200 , 19.543698109686375 , 29.08409970887415 , 956.1146089765887
20240323_231300 , 19.320664698723704 , 29.390077772452784 , 956.3246958501484
20240323_231400 , 19.13311431198963 , 29.544487097621673 , 956.262408015857
20240323_231500 , 18.93035758534097 , 29.699051388012773 , 956.2044651955533
20240323_231600 , 18.788428153755376 , 29.835555287845647 , 956.2098220904803
20240323_231700 , 18.585672218730906 , 29.961996569463327 , 956.2868766159797
20240323_231800 , 18.418398922891356 , 30.065375340730306 , 956.1191247534372
20240323_231900 , 18.24098819788196 , 30.25228406062856 , 956.1525035722359
20240323_232000 , 18.109197604382643 , 30.41040101696464 , 956.2266222943323
20240323_232100 , 17.982476065400988 , 30.59055386033861 , 956.2001170783332
20240323_232200 , 17.8810989651829 , 30.6979167690289 , 956.1842785090574
20240323_232300 , 17.744240064552287 , 30.78360896422465 , 956.223608690508
20240323_232400 , 17.663138593925396 , 30.918282918051602 , 956.075846617684
20240323_232500 , 17.597243703901768 , 30.980465987116705 , 956.1667472021978
20240323_232600 , 17.5668306943262 , 30.942103920377942 , 956.3374590285744
20240323_232700 , 17.51614236831665 , 30.91518930775925 , 956.2079658815924
20240323_232800 , 17.48572938668076 , 31.037825426698234 , 956.2436610203619
20240323_232900 , 17.47559172846377 , 31.21562100295919 , 956.1475733036599
20240323_233000 , 17.89123666996602 , 30.60327317388541 , 956.1993709437016
20240323_233100 , 18.266332565341145 , 30.246253395058314 , 956.1902197852169
20240323_233200 , 18.595810004422674 , 29.833759042981242 , 956.1667379179131
20240323_233300 , 18.849255025066668 , 29.566973650608194 , 956.2191312913078
20240323_233400 , 19.062149404693628 , 29.445608784127263 , 956.2110177554262
20240323_233500 , 19.214217133034253 , 29.33095796245555 , 956.1664382671981
20240323_233600 , 19.34600937613868 , 29.250113246996882 , 956.2269938253645
20240323_233700 , 19.452457100735046 , 29.281334087920474 , 956.1144271765214
20240323_233800 , 19.563973902259022 , 29.251076278812107 , 956.1718267024047
20240323_233900 , 19.66535293497145 , 29.137289226022492 , 956.2141327867962
20240323_234000 , 19.731249368662247 , 28.957221852847702 , 956.2849670360147
20240323_234100 , 19.42204345203936 , 28.991881717865173 , 956.2858660342903
20240323_234200 , 19.193941420788178 , 29.331381870903815 , 956.3257864163036
20240323_234300 , 19.021598054707283 , 29.407431316141686 , 956.4754732785653
20240323_234400 , 18.83911721027107 , 29.544896154725215 , 956.5287129947021
20240323_234500 , 18.671843434218317 , 29.654086753237376 , 956.4691838035452
20240323_234600 , 18.428536689374596 , 29.786938273012424 , 956.3234683051966
20240323_234700 , 18.327159076929092 , 29.950270702176066 , 956.4970046203603
20240323_234800 , 18.24605707079172 , 30.102011455140914 , 956.5925177648219
20240323_234900 , 18.09905987457023 , 30.23822144520621 , 956.5358099715534
20240323_235000 , 17.97740720762522 , 30.384986552778717 , 956.5708216906143
20240323_235100 , 17.850685857818462 , 30.498409487558508 , 956.5441875168594
20240323_235200 , 17.73917122045532 , 30.633712781249898 , 956.6481833819291
20240323_235300 , 17.627656723954715 , 30.68563601389906 , 956.7250912615185
20240323_235400 , 17.571899528527865 , 30.686598291728846 , 956.7230159477712
20240323_235500 , 17.5668306943262 , 30.76997634493213 , 956.6074614729409
20240323_235600 , 17.5060047066072 , 30.67107788686136 , 956.7058221725722
20240323_235700 , 17.455316415522248 , 30.76632457706986 , 956.7382720678073
20240323_235800 , 17.389421680622036 , 30.87290157381421 , 956.6940573339601
20240323_235900 , 17.622587886551628 , 30.66350954321205 , 956.7175386763982
20240324_000000 , 18.028095798479626 , 30.245089492841448 , 956.6733296644036
20240324_000100 , 18.393054511776427 , 29.843279734188048 , 956.5680605392745
20240324_000200 , 18.69211902655661 , 29.542306236877693 , 956.6616467508919
20240324_000300 , 18.92528867314104 , 29.25897261694966 , 956.6569254167466
20240324_000400 , 19.117907541338354 , 29.13227967940669 , 956.6458021137535
20240324_000500 , 19.264906434022123 , 29.168177099693587 , 956.6749720716699
20240324_000600 , 19.37642299864092 , 29.082126811604514 , 956.7054576974886
20240324_000700 , 19.493008648627438 , 28.990336956515243 , 956.5538607460211
20240324_000800 , 19.594387599849142 , 28.960220820526104 , 956.5962520715958
20240324_000900 , 19.680559799919138 , 28.768530311891016 , 956.5889177861749
20240324_001000 , 19.751525204308564 , 28.549179853225457 , 956.4776644821203
20240324_001100 , 19.81235273918719 , 28.402584527225663 , 956.6493684703927
20240324_001200 , 19.75659416394774 , 28.359205489586714 , 956.5393879996478
20240324_001300 , 19.38149193674326 , 28.607828635024045 , 956.5234470493675
20240324_001400 , 19.14325216054567 , 28.813936884339295 , 956.656436769127
20240324_001500 , 18.905013027251698 , 29.00864871090556 , 956.6538151878677
20240324_001600 , 18.702256824471988 , 29.174528746091383 , 956.6226361175131
20240324_001700 , 18.585672218730906 , 29.266073108876146 , 956.7466273919894
20240324_001800 , 18.47415665295557 , 29.413121612499815 , 956.7428698119106
20240324_001900 , 18.28660806454718 , 29.517102392539798 , 956.8421128016963
20240324_002000 , 18.12440420128405 , 29.692776620572854 , 956.6816449087048
20240324_002100 , 17.997682640474522 , 29.906537669151255 , 956.8441872226076
20240324_002200 , 17.88616781742894 , 30.069853881010257 , 956.8401613764315
20240324_002300 , 17.73917122045532 , 30.194836617376946 , 956.864246233866
20240324_002400 , 17.61751904943958 , 30.263725346715795 , 956.872001956056
20240324_002500 , 17.511073537316406 , 30.34895366173016 , 956.9833564887502
20240324_002600 , 17.46545407141093 , 30.438605703453128 , 956.9423530541006
20240324_002700 , 17.445178760797717 , 30.461172506513766 , 957.0201120703803
20240324_002800 , 17.424903454841115 , 30.43932617336063 , 956.9628920887765
20240324_002900 , 17.37421521032229 , 30.356963723617405 , 957.0222935737759
20240324_003000 , 17.642863237910205 , 30.091071859040607 , 957.0447909820291
20240324_003100 , 18.053440104820766 , 29.744218574483746 , 956.9812900739947
20240324_003200 , 18.413330040086294 , 29.436627861835635 , 956.8686113729293
20240324_003300 , 18.69211902655661 , 29.141325690789266 , 956.9050871052058
20240324_003400 , 18.910081938287476 , 28.941669251154718 , 956.9860576079955
20240324_003500 , 19.072287245100597 , 28.865674651248376 , 956.9839179119143
20240324_003600 , 19.22435499090352 , 28.806569526602484 , 956.9665900010632
20240324_003700 , 19.34094044007361 , 28.658952003337753 , 956.9505309658681
20240324_003800 , 19.44738815855817 , 28.34965203505522 , 956.9193325423515
20240324_003900 , 19.53356021514628 , 28.224855962988094 , 956.9391787905982
20240324_004000 , 19.62480130791664 , 28.245038006877813 , 956.9665408496589
20240324_004100 , 19.69576666748617 , 28.198698437303317 , 957.0450004969551
20240324_004200 , 19.766732084099203 , 28.163511255562153 , 956.9879812759552
20240324_004300 , 19.832628593459958 , 28.106089567439323 , 957.0046869526145
20240324_004400 , 19.88838721672073 , 28.060065207871567 , 957.0063040708437
20240324_004500 , 19.944145875197137 , 27.952568441931266 , 957.062115492242
20240324_004600 , 19.98976662196219 , 27.90675676795132 , 957.0757445370614
20240324_004700 , 20.02524944129982 , 27.844417784529877 , 956.9658671041549
20240324_004800 , 20.040456368238665 , 27.754624572939342 , 957.0697973250827
20240324_004900 , 20.055663297796855 , 27.687179238841104 , 957.0110844896997
20240324_005000 , 20.081008186214603 , 27.6809577439596 , 957.0216573097463
20240324_005100 , 20.10635308190831 , 27.607657570934062 , 956.95089840357
20240324_005200 , 20.11649104222306 , 27.56268249914068 , 956.965969268755
20240324_005300 , 20.126629003701964 , 27.48975327671933 , 957.0352620487294
20240324_005400 , 20.13676696634502 , 27.433590783798675 , 956.9689999412064
20240324_005500 , 20.172249844763428 , 27.410320398202604 , 956.9675220217728
20240324_005600 , 20.22800868251943 , 27.408892270954162 , 956.9148324602976
20240324_005700 , 20.02524944129982 , 27.436436121759467 , 956.9658671041549
20240324_005800 , 19.660283980570966 , 27.736094983057313 , 956.9109531850168
20240324_005900 , 19.39669875279651 , 28.01603102973274 , 956.9793280972848
20240324_010000 , 19.193941420788178 , 28.182629886436025 , 956.9213362561504
20240324_010100 , 19.021598054707283 , 28.29817908481417 , 956.9084823251621
20240324_010200 , 18.88473738601897 , 28.479690445396805 , 956.8942185537353
20240324_010300 , 18.773221442475915 , 28.56579598072756 , 956.9176150547406
20240324_010400 , 18.61608557929867 , 28.70856029779915 , 956.9271290552132
20240324_010500 , 18.51977664011065 , 28.849886445981788 , 956.8648703452241
20240324_010600 , 18.372778988123173 , 28.9922269812065 , 956.9163707465485
20240324_010700 , 18.215643837698735 , 29.10685564962543 , 956.979691672588
20240324_010800 , 18.083853282034397 , 29.24311169694794 , 957.0265993091022
20240324_010900 , 17.967269492946798 , 29.39008572576603 , 957.0420432076994
20240324_011000 , 17.8760301132279 , 29.458644802055964 , 957.1222111295702
20240324_011100 , 17.73917122045532 , 29.51696831116297 , 957.1883426759762
20240324_011200 , 17.642863237910205 , 29.57444589684977 , 957.1258027666202
20240324_011300 , 17.587106032879092 , 29.664425881036564 , 957.1236950355866
20240324_011400 , 17.531348863063613 , 29.693286999491608 , 957.1755739531976
20240324_011500 , 17.47052289979183 , 29.627833686996812 , 957.1118875120019
20240324_011600 , 17.551624193467433 , 29.515152870962314 , 957.1788023009213
20240324_011700 , 17.987544923467794 , 29.1450160795592 , 957.2343668328831
20240324_011800 , 18.37784786859993 , 28.86966947310661 , 957.1131680582877
20240324_011900 , 18.68705012803548 , 28.567733280909437 , 957.2221279069585
20240324_012000 , 18.945564323686995 , 28.3724035101659 , 957.2012332163767
20240324_012100 , 19.13818323612213 , 28.089135374910462 , 957.1902612014901
20240324_012200 , 19.315595764113823 , 27.92870478304543 , 957.3189649150264
20240324_012300 , 19.43725027507753 , 27.7248479364634 , 957.4458781612924
20240324_012400 , 19.53356021514628 , 27.683395876380583 , 957.426717077684
20240324_012500 , 19.619732355844462 , 27.65892586781171 , 957.392428315917
20240324_012600 , 19.726180410478264 , 27.73446723199913 , 957.4424567722394
20240324_012700 , 19.792076889571035 , 27.67139461219328 , 957.4592196159147
20240324_012800 , 19.85290445238934 , 27.59725439365923 , 957.4684274091181
20240324_012900 , 19.93400793467299 , 27.522578898401235 , 957.5077877496445
20240324_013000 , 19.98976662196219 , 27.465283666588878 , 957.5907438806912
20240324_013100 , 20.030318416655064 , 27.447485248080508 , 957.5426487370538
20240324_013200 , 20.06580125229084 , 27.368325738625916 , 957.5141094977304
20240324_013300 , 19.868111349642277 , 27.334280049149125 , 957.5452526606238
20240324_013400 , 19.472732872352935 , 27.606756443649356 , 957.5257745073426
20240324_013500 , 19.19901034841314 , 27.85900267794377 , 957.5515132935667
20240324_013600 , 18.965839978889562 , 28.093215499154695 , 957.5561527680018
20240324_013700 , 18.773221442475915 , 28.242636284457316 , 957.5668805736516
20240324_013800 , 18.621154473745264 , 28.33528458955103 , 957.5837843070602
20240324_013900 , 18.484294425841654 , 28.45535439399917 , 957.5691692462606
20240324_014000 , 18.30181469200761 , 28.598620089405635 , 957.6486989208464
20240324_014100 , 18.15988627090701 , 28.713046803395702 , 957.6804044455632
20240324_014200 , 18.073715555132367 , 28.865117745267217 , 957.6600398332062
20240324_014300 , 17.952062923111953 , 28.984509933972276 , 957.6678034802705
20240324_014400 , 17.810135064297356 , 29.08201846222031 , 957.6452711801379
20240324_014500 , 17.69355163667933 , 29.240054471462916 , 957.687476237553
20240324_014600 , 17.67327627367922 , 29.37938053398475 , 957.6032250048005
20240324_014700 , 17.63272556164884 , 29.413536109190627 , 957.7317766878018
20240324_014800 , 17.597243703901768 , 29.469803340429504 , 957.7598582371994
20240324_014900 , 17.521211199607933 , 29.415783150610494 , 957.7814356519311
20240324_015000 , 17.46545407141093 , 29.594613763783382 , 957.7522469271514
20240324_015100 , 17.84561700760969 , 29.10906781023573 , 957.7251965580305
20240324_015200 , 18.23591932526324 , 28.789277675703556 , 957.7126638508115
20240324_015300 , 18.55525886864052 , 28.44817709106687 , 957.7830886059414
20240324_015400 , 18.818841584172333 , 28.16355919898834 , 957.7430586183035
20240324_015500 , 19.01146022012108 , 27.96947920800369 , 957.8135399054594
20240324_015600 , 19.163527861150214 , 27.781776572475067 , 957.7423103980622
20240324_015700 , 19.295320028584683 , 27.75065849745972 , 957.7761444895824
20240324_015800 , 19.401767692063004 , 27.725721925557036 , 957.8263470495059
20240324_015900 , 19.49807759342366 , 27.60612475275326 , 957.8343428587442
20240324_020000 , 19.584249699488282 , 27.520225002088544 , 957.7730354507228
20240324_020100 , 19.65014607264311 , 27.373373219468498 , 957.8169566393601
20240324_020200 , 19.716042494983412 , 27.12592871372646 , 957.8337763961042
20240324_020300 , 19.787007927894592 , 27.235806461816193 , 957.8039344836643
20240324_020400 , 19.842766522342572 , 27.18407884436881 , 957.8869300310377
20240324_020500 , 19.89345618421794 , 27.18834805329449 , 957.8810785274916
20240324_020600 , 19.944145875197137 , 27.12555496999342 , 957.8210088514575
20240324_020700 , 19.822490665741498 , 26.994643935734565 , 957.8567495104627
20240324_020800 , 19.467663929011906 , 27.277541202798165 , 957.9244741648945
20240324_020900 , 19.168596787028946 , 27.53064591100307 , 957.885210414373
20240324_021000 , 18.894875206053257 , 27.79389601178382 , 957.964573358461
20240324_021100 , 18.681981229805388 , 27.97177336314021 , 957.9449029619619
20240324_021200 , 18.52991441823542 , 28.092345090843185 , 957.9616588780243
20240324_021300 , 18.37784786859993 , 28.207255658138223 , 957.9512805813329
20240324_021400 , 18.23591932526324 , 28.394189510481095 , 958.0099937741328
20240324_021500 , 18.09905987457023 , 28.53637055680141 , 958.0491381192375
20240324_021600 , 17.946994067082414 , 28.650981487380612 , 958.0655087834109
20240324_021700 , 17.84561700760969 , 28.79219870323437 , 958.1844216697468
20240324_021800 , 17.73410237664939 , 28.939115674749978 , 958.2341097700853
20240324_021900 , 17.63272556164884 , 28.985723080001218 , 958.2718587574121
20240324_022000 , 17.622587886551628 , 29.01927467526206 , 958.2027204621908
20240324_022100 , 17.5668306943262 , 28.987115777622176 , 958.2545154169916
20240324_022200 , 17.511073537316406 , 29.08272346780268 , 958.2522910506046
20240324_022300 , 17.41983462907956 , 29.112394741166792 , 958.3050703238954
20240324_022400 , 17.3792840334645 , 29.16876631272755 , 958.2175397506918
20240324_022500 , 17.713827004336054 , 28.68945249389965 , 958.3118839647535
20240324_022600 , 18.11933533535921 , 28.424651075169646 , 958.3496301633941
20240324_022700 , 18.433605573052773 , 28.07790205879185 , 958.3318350176647
20240324_022800 , 18.676912331866333 , 27.604175139135616 , 958.2619381977003
20240324_022900 , 18.889806295890594 , 27.398229484434214 , 958.2546618787046
20240324_023000 , 19.067218324751593 , 27.293364393293878 , 958.3025918601337
20240324_023100 , 19.18380356641137 , 27.23460180707331 , 958.1785712501027
20240324_023200 , 19.315595764113823 , 27.192152020893797 , 958.1312577573573
20240324_023300 , 19.427112392761046 , 27.20601732382106 , 958.1349019712642
20240324_023400 , 19.50314653851092 , 27.187304672782115 , 958.1398218752724
20240324_023500 , 19.584249699488282 , 27.09027572255804 , 958.1522697979188
20240324_023600 , 19.65014607264311 , 27.0494581481209 , 958.1149577559668
20240324_023700 , 19.731249368662247 , 26.99705358617838 , 958.0460751379328
20240324_023800 , 19.77687000541482 , 26.956742082997117 , 958.0598091417096
20240324_023900 , 19.82755962945521 , 26.88276138129243 , 958.1081826607295
20240324_024000 , 19.86304238360026 , 26.68064150975446 , 958.1339127495168
20240324_024100 , 19.873180315975333 , 26.540652717664777 , 958.1761076664703
20240324_024200 , 19.923869995312998 , 26.606330366051665 , 958.170273148392
20240324_024300 , 19.96442175973789 , 26.677886569024576 , 958.2577537061245
20240324_024400 , 19.675490844645537 , 26.691313337115844 , 958.2339775614737
20240324_024500 , 19.335871504299575 , 27.01303842594873 , 958.2156182561167
20240324_024600 , 19.087494007893838 , 27.253804712032203 , 958.1704087679865
20240324_024700 , 18.894875206053257 , 27.476149303971546 , 958.316334811347
20240324_024800 , 18.671843434218317 , 27.609871836351097 , 958.4437246473685
20240324_024900 , 18.57046554237604 , 27.85188827664047 , 958.4277767589945
20240324_025000 , 18.433605573052773 , 27.87744989780331 , 958.4940682912545
20240324_025100 , 18.256194817484356 , 28.020840531451064 , 958.4997576414372
20240324_025200 , 18.09905987457023 , 28.163630603801806 , 958.50855251052
20240324_025300 , 17.962200636044145 , 28.322528026511847 , 958.5475072356337
20240324_025400 , 17.81520391246886 , 28.403706896831785 , 958.6252639841472
20240324_025500 , 17.66820743365679 , 28.557071537059453 , 958.5678701673259
20240324_025600 , 17.59217486824491 , 28.61431854565674 , 958.5623706846538
20240324_025700 , 17.47052289979183 , 28.66142866156863 , 958.6237210883546
20240324_025800 , 17.409696978429565 , 28.779389195775174 , 958.6138734529388
20240324_025900 , 17.35900874264189 , 28.863778049563898 , 958.6731394225376
20240324_030000 , 17.31845817496651 , 28.836879708754996 , 958.6935471326972
20240324_030100 , 17.389421680622036 , 28.65764415350497 , 958.6375821786119
20240324_030200 , 17.794928521529073 , 28.29297500049035 , 958.7030427345713
20240324_030300 , 18.164955139160156 , 28.034118015128744 , 958.7690481362306
20240324_030400 , 18.484294425841654 , 27.686886875128494 , 958.7860099991951
20240324_030500 , 18.712394623551518 , 27.202074869069044 , 958.6665019561838
20240324_030600 , 18.905013027251698 , 27.035451153439062 , 958.7373360553004
20240324_030700 , 19.05201156545081 , 26.936802703821147 , 958.7671089841274
20240324_030800 , 19.18380356641137 , 26.832904272362097 , 958.8012102175984
20240324_030900 , 19.31052682979498 , 26.85743785449624 , 958.7735471510692
20240324_031000 , 19.42204345203936 , 26.80981285040013 , 958.8314710997911
20240324_031100 , 19.508215483889217 , 26.835427322755947 , 958.8245027900267
20240324_031200 , 19.589318649523193 , 26.738322564909478 , 958.8641267833123
20240324_031300 , 19.640008165879408 , 26.64758957528105 , 958.9125887640922
20240324_031400 , 19.634939212934114 , 26.603043207699734 , 958.877942589175
20240324_031500 , 19.64507711911574 , 26.541324004091482 , 958.9201439871498
20240324_031600 , 19.670421889662975 , 26.512698919875426 , 958.8495503971072
20240324_031700 , 19.700835623923922 , 26.433651058163292 , 958.8135961726505
20240324_031800 , 19.726180410478264 , 26.371492657986607 , 958.8784609663896
20240324_031900 , 19.746456244960427 , 26.331817181843107 , 958.9628698222554
20240324_032000 , 19.751525204308564 , 26.342850598861663 , 958.9433285899213
20240324_032100 , 19.822490665741498 , 26.385577140059855 , 958.9406987320637
20240324_032200 , 19.903594120085472 , 26.355373667891634 , 958.9260529936482
20240324_032300 , 19.96442175973789 , 26.303364064430646 , 958.9624834857291
20240324_032400 , 19.797145851538517 , 26.263344979906908 , 958.9571248662779
20240324_032500 , 19.44738815855817 , 26.574648797091317 , 959.0588331076889
20240324_032600 , 19.163527861150214 , 26.82786393923145 , 959.0416857596024
20240324_032700 , 18.95063323705108 , 27.067720326117332 , 959.1301103630391
20240324_032800 , 18.7276013243536 , 27.262989242140108 , 959.0679091094323
20240324_032900 , 18.605947791278595 , 27.43322163849295 , 959.1298111813707
20240324_033000 , 18.423467805987457 , 27.538018801080405 , 959.1549140209763
20240324_033100 , 18.28660806454718 , 27.65830247216712 , 959.0857891710983
20240324_033200 , 18.12440420128405 , 27.80137000985276 , 959.1139140943028
20240324_033300 , 18.028095798479626 , 27.92050798239763 , 959.1322468193498
20240324_033400 , 17.896305522794137 , 28.05710098589481 , 959.0705298958851
20240324_033500 , 17.754377753619337 , 28.166038864209884 , 959.101670769368
20240324_033600 , 17.67327627367922 , 28.267953795960096 , 959.1155659762694
20240324_033700 , 17.561761860415572 , 28.370511499157157 , 959.1379994860783
20240324_033800 , 17.46038524332107 , 28.461674799890922 , 959.1215300222556
20240324_033900 , 17.3792840334645 , 28.480142748940672 , 959.1893113849475
20240324_034000 , 17.338733456475893 , 28.53657735800869 , 959.1017209686619
20240324_034100 , 17.272838808596134 , 28.554688451530886 , 959.1921803789088
20240324_034200 , 17.480660557426745 , 28.250115609234427 , 959.1788233288398
20240324_034300 , 17.870961261563934 , 27.940912541094665 , 959.1677559653034
20240324_034400 , 18.24098819788196 , 27.564788535656017 , 959.2609660008359
20240324_034500 , 18.50963886315003 , 27.257386315181947 , 959.2565069043709
20240324_034600 , 18.742808027775027 , 26.98393172470324 , 959.2799688742958
20240324_034700 , 18.93542649783194 , 26.822765286296136 , 959.2968506740419
20240324_034800 , 19.092562929406995 , 26.712603127266934 , 959.3418649639086
20240324_034900 , 19.19901034841314 , 26.598146688074934 , 959.3382576879546
20240324_035000 , 19.285182162566343 , 26.500927777630213 , 959.3585124193637
20240324_035100 , 19.35614724914194 , 26.4766556579823 , 959.3831397115023
20240324_035200 , 19.401767692063004 , 26.419574603429865 , 959.3428672500022
20240324_035300 , 19.452457100735046 , 26.390257607861226 , 959.3643076072055
20240324_035400 , 19.493008648627438 , 26.310956775737203 , 959.4247914921777
20240324_035500 , 19.558904953679303 , 26.27002370287272 , 959.4147286283097
20240324_035600 , 19.619732355844462 , 26.1286705921662 , 959.5325408457641
20240324_035700 , 19.726180410478264 , 26.125652905408625 , 959.474553152453
20240324_035800 , 19.81235273918719 , 26.061732012635826 , 959.4675672813693
20240324_035900 , 19.86304238360026 , 26.065873932088234 , 959.4889505191215
20240324_040000 , 19.944145875197137 , 25.951748720648904 , 959.4743615423719
20240324_040100 , 19.974559703754494 , 25.939689685444314 , 959.519706873452
20240324_040200 , 20.01004251698032 , 25.83801890492925 , 959.5455032087704
20240324_040300 , 20.040456368238665 , 25.831541239176577 , 959.5908489864773
20240324_040400 , 20.086077164771268 , 25.768693301141855 , 959.6046473557703
20240324_040500 , 20.111422061920166 , 25.672869596461208 , 959.6153229150497
20240324_040600 , 20.141835948103108 , 25.610442788507285 , 959.606440759995
20240324_040700 , 20.131697984877974 , 25.437342834525413 , 959.6455524898806
20240324_040800 , 20.121560022816993 , 25.448834788527403 , 959.6846625947974
20240324_040900 , 20.131697984877974 , 25.431749114913767 , 959.6997783225322
20240324_041000 , 20.167180861259112 , 25.48102875115505 , 959.6984551262722
20240324_041100 , 19.939076904789545 , 25.49344811234739 , 959.629431231199
20240324_041200 , 19.563973902259022 , 25.845381957886726 , 959.801526197473
20240324_041300 , 19.28011322999373 , 26.115941177474426 , 959.8653978154833
20240324_041400 , 19.021598054707283 , 26.346364556666455 , 959.8314146469288
20240324_041500 , 18.7580147338158 , 26.6658120706018 , 959.9519525879601
20240324_041600 , 18.600878897705115 , 26.853903993883264 , 959.8795569929041
20240324_041700 , 18.448812225833535 , 26.93031535921618 , 959.949875954652
20240324_041800 , 18.25112594399252 , 27.10805779012389 , 959.8978352355283
20240324_041900 , 18.15988627090701 , 27.2996363969851 , 959.9507022661257
20240324_042000 , 18.007820358645404 , 27.470370508992158 , 959.9396287546384
20240324_042100 , 17.870961261563934 , 27.640602171164186 , 959.9782183946012
20240324_042200 , 17.794928521529073 , 27.675811824391456 , 959.9455934951767
20240324_042300 , 17.65806975448504 , 27.795851670515372 , 960.0380683850261
20240324_042400 , 17.647932076477446 , 27.818327478403923 , 959.9959027971672
20240324_042500 , 17.607381376088597 , 27.830408776579723 , 960.0432849407064
20240324_042600 , 17.556693026795983 , 27.792712350425905 , 960.1024950777594
20240324_042700 , 17.46038524332107 , 27.833899417200918 , 960.0934491191101
20240324_042800 , 17.424903454841115 , 27.86807409174398 , 960.0943706110977
20240324_042900 , 17.73410237664939 , 27.488245715435895 , 960.0977478295083
20240324_043000 , 18.114266469725408 , 27.25626274093892 , 960.0176571482713
20240324_043100 , 18.433605573052773 , 26.952991572163228 , 960.0893968070609
20240324_043200 , 18.68705012803548 , 26.54509636696594 , 960.1164748110037
20240324_043300 , 18.889806295890594 , 26.310967204165394 , 960.229975591221
20240324_043400 , 19.05201156545081 , 26.12795239447408 , 960.1474865372777
20240324_043500 , 19.20407927632914 , 26.023211405839984 , 960.1309359385076
20240324_043600 , 19.33080256881658 , 26.0251881075496 , 960.1035293459395
20240324_043700 , 19.43725027507753 , 25.910474174317322 , 960.1541173193083
20240324_043800 , 19.53356021514628 , 25.890945928082182 , 960.1082827054853
20240324_043900 , 19.60959445257322 , 25.760262928708773 , 960.1675923826859
20240324_044000 , 19.66535293497145 , 25.725112367077976 , 960.1153518832464
20240324_044100 , 19.710973537672544 , 25.500252778481364 , 960.1292470902077
20240324_044200 , 19.761663123877952 , 25.52109807021876 , 960.1507006616239
20240324_044300 , 19.802214813797036 , 25.475175520257277 , 960.15701917492
20240324_044400 , 19.837697557755746 , 25.312003355086468 , 960.1828687035091
20240324_044500 , 19.88331824951456 , 25.349757877508473 , 960.1425368410902
20240324_044600 , 19.923869995312998 , 25.331759775014323 , 960.1488367693324
20240324_044700 , 19.974559703754494 , 25.240754890440478 , 960.1431505555712
20240324_044800 , 20.02524944129982 , 25.19446844594048 , 960.2458880787327
20240324_044900 , 19.781938966509188 , 25.280152654756034 , 960.2351551751084
20240324_045000 , 19.427112392761046 , 25.620383884926994 , 960.2743977861808
20240324_045100 , 19.178734639659524 , 25.912315914471826 , 960.2013816055791
20240324_045200 , 18.9709088934178 , 26.09676584868614 , 960.2428756815281
20240324_045300 , 18.783359249704517 , 26.280458886280766 , 960.3144672962067
20240324_045400 , 18.585672218730906 , 26.391809216451545 , 960.3436814958468
20240324_045500 , 18.398123393417336 , 26.575180982245776 , 960.3608401928644
20240324_045600 , 18.20043722508126 , 26.71410769565686 , 960.4437853693394
20240324_045700 , 18.002751499414444 , 26.891844499120406 , 960.4995044303049
20240324_045800 , 17.870961261563934 , 27.062152769049273 , 960.4915196653303
20240324_045900 , 17.698620478156954 , 27.20000636870286 , 960.5308430744959
20240324_050000 , 17.63272556164884 , 27.27393842975596 , 960.540282200088
20240324_050100 , 17.521211199607933 , 27.34897935007814 , 960.5624440651602
20240324_050200 , 17.490798216225812 , 27.44976307338848 , 960.4629342788114
20240324_050300 , 17.409696978429565 , 27.48509319156578 , 960.5035610487644
20240324_050400 , 17.37421521032229 , 27.547072230947354 , 960.5854362623705
20240324_050500 , 17.33366463566199 , 27.6702646688496 , 960.5247453070447
20240324_050600 , 17.607381376088597 , 27.341278281507034 , 960.5293666070179
20240324_050700 , 18.002751499414444 , 26.997566918873336 , 960.553547887411
20240324_050800 , 18.32209019936272 , 26.69974072060308 , 960.5716163298966
20240324_050900 , 18.57046554237604 , 26.40337042228202 , 960.6455099952168
20240324_051000 , 18.778290345944697 , 26.152366795140505 , 960.6315551776207
20240324_051100 , 18.920219761232147 , 25.953180814430624 , 960.6813258058573
20240324_051200 , 19.062149404693628 , 25.81522542779002 , 960.6769053411763
20240324_051300 , 19.20407927632914 , 25.67717033881987 , 960.7265514208934
20240324_051400 , 19.31052682979498 , 25.562397361672602 , 960.723131755959
20240324_051500 , 19.427112392761046 , 25.497522645340727 , 960.7618936747772
20240324_051600 , 19.508215483889217 , 25.400153880183087 , 960.8017902154577
20240324_051700 , 19.574111800291575 , 25.319964585928556 , 960.8189569093968
20240324_051800 , 19.65014607264311 , 25.23385264928286 , 960.8783454079069
20240324_051900 , 19.731249368662247 , 25.11960662341311 , 960.8640076020164
20240324_052000 , 19.716042494983412 , 25.06977169710325 , 960.9496791367438
20240324_052100 , 19.771801044611493 , 24.950668621463134 , 960.9787697145968
20240324_052200 , 19.832628593459958 , 24.965550989527102 , 961.0696262505037
20240324_052300 , 19.873180315975333 , 24.91397060987105 , 961.0759936613333
20240324_052400 , 19.88838721672073 , 24.85198963829433 , 961.0987075242999
20240324_052500 , 19.86304238360026 , 24.81923550392481 , 961.1963627403671
20240324_052600 , 19.847835487220436 , 24.85885036391716 , 961.1736458681651
20240324_052700 , 19.85290445238934 , 24.864282878184415 , 961.2083200509402
20240324_052800 , 19.85797341784928 , 24.81380332391296 , 961.2700968971714
20240324_052900 , 19.878249282599427 , 24.818758206966237 , 961.3274920616204
20240324_053000 , 19.868111349642277 , 24.768753601258503 , 961.3394481885318
20240324_053100 , 19.903594120085472 , 24.734083980047618 , 961.3653587935792
20240324_053200 , 19.979628676199354 , 24.675751047877082 , 961.424747336513
20240324_053300 , 19.746456244960427 , 24.78376265589357 , 961.537055615684
20240324_053400 , 19.39669875279651 , 25.113086436698545 , 961.4476799594486
20240324_053500 , 19.193941420788178 , 25.314652563325478 , 961.469460573616
20240324_053600 , 18.960771064652363 , 25.567117028097677 , 961.4997050332719
20240324_053700 , 18.74787692949758 , 25.80197230920734 , 961.4518324204926
20240324_053800 , 18.534983307734365 , 26.031000222453276 , 961.4849511448646
20240324_053900 , 18.37784786859993 , 26.319511625325998 , 961.5202121926897
20240324_054000 , 18.266332565341145 , 26.53417699898645 , 961.542550822165
20240324_054100 , 18.139610800804803 , 26.693454392662318 , 961.5961239789557
20240324_054200 , 18.038233520142967 , 26.807445801751843 , 961.5524451430203
20240324_054300 , 17.921649791300297 , 26.944026136588743 , 961.6210656917902
20240324_054400 , 17.830410458729602 , 27.00200909367872 , 961.6465243996622
20240324_054500 , 17.723964689910645 , 27.127080463043853 , 961.7031863359933
20240324_054600 , 17.688482795492746 , 27.228061912680165 , 961.7040535802262
20240324_054700 , 17.61245021261857 , 27.229975096383864 , 961.6711734911588
20240324_054800 , 17.53641769522801 , 27.3374859053157 , 961.6652812492878
20240324_054900 , 17.43504110723734 , 27.39001407377873 , 961.7023888270284
20240324_055000 , 17.65806975448504 , 27.028678955492182 , 961.8205402567108
20240324_055100 , 18.04837124297046 , 26.79048416213575 , 961.7838196411398
20240324_055200 , 18.327159076929092 , 26.482414376606048 , 961.8228586067498
20240324_055300 , 18.55525886864052 , 26.147455503101632 , 961.7857541778842
20240324_055400 , 18.76815253929817 , 25.862722669111367 , 961.8338859774965
20240324_055500 , 18.960771064652363 , 25.639639202448794 , 961.7432787115571
20240324_055600 , 19.067218324751593 , 25.452383924525364 , 961.8213391085209
20240324_055700 , 19.14325216054567 , 25.344081617059576 , 961.8268095731327
20240324_055800 , 19.264906434022123 , 25.28460498639251 , 961.8192718455762
20240324_055900 , 19.35614724914194 , 25.203675161372008 , 961.82034886858
20240324_060000 , 19.427112392761046 , 25.084229947660518 , 961.8452389051312
20240324_060100 , 19.48287075990811 , 25.009901117461254 , 961.8202864160972
20240324_060200 , 19.53356021514628 , 24.96364299267703 , 961.8148261200471
20240324_060300 , 19.543698109686375 , 24.940980975233245 , 961.884164205799
20240324_060400 , 19.574111800291575 , 24.895337850903 , 961.9567379341876
20240324_060500 , 19.619732355844462 , 24.843624435275807 , 961.9707817086139
20240324_060600 , 19.710973537672544 , 24.768109120476126 , 961.9717546213341
20240324_060700 , 19.751525204308564 , 24.69975285670678 , 961.9240023469682
20240324_060800 , 19.832628593459958 , 24.60213657449243 , 961.9639677172391
20240324_060900 , 19.873180315975333 , 24.550517390690615 , 961.9161863877941
20240324_061000 , 19.939076904789545 , 24.464516152780565 , 961.9604924259672
20240324_061100 , 19.954283816885436 , 24.464026222153166 , 961.9290130499951
20240324_061200 , 19.974559703754494 , 24.396252494723935 , 961.9322162082207
20240324_061300 , 19.99990456888918 , 24.28355508243612 , 961.9701041347623
20240324_061400 , 19.994835595280165 , 24.3060959066942 , 961.9083094410911
20240324_061500 , 20.05059432098642 , 24.253926847972362 , 961.9374378179139
20240324_061600 , 20.081008186214603 , 24.247336246147672 , 961.9557878280445
20240324_061700 , 19.73631832713727 , 24.43190762731013 , 961.9012648570493
20240324_061800 , 19.44738815855817 , 24.72610981601158 , 961.9026482689571
20240324_061900 , 19.305457895767177 , 24.842257358394285 , 961.9070082902649
20240324_062000 , 19.04694264626596 , 25.107010637518528 , 961.8992750626916
20240324_062100 , 18.83911721027107 , 25.330863781756282 , 961.9671521376174
20240324_062200 , 18.61608557929867 , 25.56050013864131 , 961.9038528695019
20240324_062300 , 18.433605573052773 , 25.905714703265115 , 961.9551998058279
20240324_062400 , 18.327159076929092 , 26.081409396988708 , 961.9580416905815
20240324_062500 , 18.230850452935556 , 26.340251642439533 , 961.8949236193052
20240324_062600 , 18.114266469725408 , 26.499306241507774 , 961.9095348839115
20240324_062700 , 18.06357782939449 , 26.578594151025122 , 962.0498209592292
20240324_062800 , 17.941925211343914 , 26.7265147448944 , 962.0026889475521
20240324_062900 , 17.86082355910912 , 26.806534731962756 , 962.0432899746759
20240324_063000 , 17.820272760931402 , 26.863218805235718 , 962.0905918412764
20240324_063100 , 17.794928521529073 , 26.925058707963945 , 962.1606699505439
20240324_063200 , 17.73410237664939 , 26.8932677048933 , 962.2045725072858
20240324_063300 , 17.602312539849663 , 27.06346162733504 , 962.2501057744283
20240324_063400 , 17.6834139545972 , 26.87790174390946 , 962.2636480742067
20240324_063500 , 18.04837124297046 , 26.501083452129812 , 962.3243139277001
20240324_063600 , 18.347434590104967 , 26.20895127107035 , 962.3128558895544
20240324_063700 , 18.57553443420329 , 25.946259756837627 , 962.248862305948
20240324_063800 , 18.76815253929817 , 25.661989043577336 , 962.185610079049
20240324_063900 , 18.92528867314104 , 25.47890658614832 , 962.1773159719072
20240324_064000 , 19.026666972436942 , 25.36431088663578 , 962.2208066422678
20240324_064100 , 19.13311431198963 , 25.221596049201775 , 962.2718580567508
20240324_064200 , 19.229423920274712 , 25.0958621527041 , 962.334785399482
20240324_064300 , 19.335871504299575 , 24.9865065917781 , 962.3316274803864
20240324_064400 , 19.427112392761046 , 24.90549342325917 , 962.3598380527058
20240324_064500 , 19.52849126831279 , 24.779428887244915 , 962.430282721545
20240324_064600 , 19.61466340406332 , 24.670546290317976 , 962.3695855214063
20240324_064700 , 19.675490844645537 , 24.61272855060944 , 962.4605944764953
20240324_064800 , 19.675490844645537 , 24.595960670715986 , 962.4605944764953
20240324_064900 , 19.74138728590333 , 24.487647903709718 , 962.5049952641847
20240324_065000 , 19.766732084099203 , 24.453290257310076 , 962.5700150229237
20240324_065100 , 19.792076889571035 , 24.402154914082672 , 962.5266367299369
20240324_065200 , 19.837697557755746 , 24.36153858595363 , 962.486483717765
20240324_065300 , 19.873180315975333 , 24.310058038234775 , 962.5124627798209
20240324_065400 , 19.89345618421794 , 24.24787970264945 , 962.5156908307821
20240324_065500 , 19.56904285112978 , 24.40935106355238 , 962.5722360756139
20240324_065600 , 19.28011322999373 , 24.725782791752778 , 962.6543560819725
20240324_065700 , 19.178734639659524 , 24.75129592657879 , 962.6650255866844
20240324_065800 , 18.95063323705108 , 24.992775454067907 , 962.594148386804
20240324_065900 , 18.71746352352784 , 25.250855796513218 , 962.6507966518054
20240324_070000 , 18.489363312721252 , 25.55863587762008 , 962.6336534491088
20240324_070100 , 18.357572348439135 , 25.79646427958628 , 962.6525024465212
20240324_070200 , 18.20043722508126 , 26.01813592067646 , 962.741416770837
20240324_070300 , 18.09399101010058 , 26.171431123870295 , 962.7440273448748
20240324_070400 , 17.962200636044145 , 26.325335069257466 , 962.8166807432997
20240324_070500 , 17.81520391246886 , 26.418354332736016 , 962.8123995189876
20240324_070600 , 17.6834139545972 , 26.610991878934716 , 962.830843824552
20240324_070700 , 17.54655536042992 , 26.753601186785353 , 962.8416087328109
20240324_070800 , 17.561761860415572 , 26.81991071790952 , 962.9184289068717
20240324_070900 , 17.531348863063613 , 26.848496065310922 , 962.953812385135
20240324_071000 , 17.58203719780431 , 26.758230176523256 , 962.9218412198813
20240324_071100 , 17.703689319925616 , 26.460299945425668 , 963.0233174715389
20240324_071200 , 18.06864669211791 , 26.133168485180878 , 963.0303472102319
20240324_071300 , 18.362641228042776 , 25.90216155411345 , 963.065680407238
20240324_071400 , 18.63129226351157 , 25.65482039719993 , 963.1168228278314
20240324_071500 , 18.808703772869194 , 25.409851669708466 , 963.1392335793962
20240324_071600 , 18.991184554441134 , 25.231462359160364 , 963.1420630663196
20240324_071700 , 19.117907541338354 , 25.143917542649348 , 963.0883052247083
20240324_071800 , 19.244630710134516 , 25.000484505872908 , 963.1969247191008
20240324_071900 , 19.351078312494792 , 24.92460688764201 , 963.2209880576119
20240324_072000 , 19.452457100735046 , 24.887948450385945 , 963.2374227835286
20240324_072100 , 19.53356021514628 , 24.857489987291288 , 963.2234558707913
20240324_072200 , 19.56904285112978 , 24.873145608685153 , 963.3036888601954
20240324_072300 , 19.619732355844462 , 24.860388992918764 , 963.2712369264902
20240324_072400 , 19.670421889662975 , 24.819684460556736 , 963.2387697097413
20240324_072500 , 19.787007927894592 , 24.748945268118387 , 963.3320598833498
20240324_072600 , 19.574111800291575 , 24.88416275635296 , 963.3112808779946
20240324_072700 , 19.264906434022123 , 25.22877459467206 , 963.3085333571393
20240324_072800 , 19.092562929406995 , 25.46279253306828 , 963.3210415343639
20240324_072900 , 18.910081938287476 , 25.72478784947196 , 963.3994201608621
20240324_073000 , 18.6566367430205 , 25.95510381011438 , 963.3982774908982
20240324_073100 , 18.50963886315003 , 26.12086905473593 , 963.3942545180232
20240324_073200 , 18.281539189309115 , 26.366707140061667 , 963.5388753654303
20240324_073300 , 18.12440420128405 , 26.56026469879172 , 963.5193961721657
20240324_073400 , 17.99261378182564 , 26.7418693373759 , 963.5378606169869
20240324_073500 , 17.850685857818462 , 26.895801341758137 , 963.649103726142
20240324_073600 , 17.744240064552287 , 26.998664796839623 , 963.678426105664
20240324_073700 , 17.65806975448504 , 27.18435102115969 , 963.8191627223064
20240324_073800 , 17.561761860415572 , 27.309064559564472 , 963.8095815793836
20240324_073900 , 17.48572938668076 , 27.43877380308782 , 963.8304167813958
20240324_074000 , 17.47559172846377 , 27.550159090329885 , 963.8421931301799
20240324_074100 , 17.47559172846377 , 27.555715777902236t (YYYYMMDD_HH:MM:SS),T (Â°C),RH (%RH),P (kPa)
20240324_071700 , 18.55525886864052 , 27.646163141571638 , 966.410948793885
20240326_042900 , 18.534983307734365 , 27.34030019548696 , 966.3804467804687
20240326_043000 , 18.59074111143127 , 27.311038244807946 , 966.3561242438633
20240326_043100 , 18.68705012803548 , 27.225013350428732 , 966.3657243278193
20240326_043200 , 18.813772678375244 , 26.943057321639134 , 966.3398504886203
20240326_043300 , 18.93542649783194 , 26.778154335519385 , 966.2250841040262
20240326_043400 , 19.087494007893838 , 26.372437761985335 , 966.2371476245323
20240326_043500 , 19.26997536572162 , 25.89853392074651 , 966.2677596783531
20240326_043600 , 19.477801815985003 , 25.747348055858428 , 966.3363470765784
20240326_043700 , 19.60959445257322 , 25.603835014311233 , 966.3176571088377
20240326_043800 , 19.771801044611493 , 25.353121547066042 , 966.3174818293523
20240326_043900 , 19.923869995312998 , 25.1975670046499 , 966.356191733576
20240326_044000 , 20.06580125229084 , 25.008644778167405 , 966.3796023115823
20240326_044100 , 20.19759476665058 , 24.80311823381631 , 966.4419595825417
20240326_044200 , 20.304043518030085 , 24.73259593453415 , 966.4662126400087
20240326_044300 , 20.395285407081246 , 24.51696158251616 , 966.4675942488004
20240326_044400 , 20.491596392268548 , 24.379457317659945 , 966.5308204440356
20240326_044500 , 20.592976490181172 , 24.236116950184293 , 966.6287781970118
20240326_044600 , 20.658873616252095 , 24.189126157665658 , 966.7005881812012
20240326_044700 , 20.75011587201152 , 24.19731411544396 , 966.6747326695636
20240326_044800 , 20.805875074729556 , 24.111403844591216 , 966.7041567267482
20240326_044900 , 20.88191040791571 , 24.092054950405128 , 966.6554146206881
20240326_045000 , 20.937669693870703 , 24.00049516619919 , 966.6848141349437
20240326_045100 , 20.983290954027325 , 24.04942350383704 , 966.6446800565947
20240326_045200 , 21.013705140561797 , 24.01476169515498 , 966.6088643621817
20240326_045300 , 21.08974065273651 , 23.916867224483408 , 966.6415090868935
20240326_045400 , 21.145500069949776 , 23.886935212128222 , 966.6437100240904
20240326_045500 , 21.150569109624485 , 23.780188154010432 , 966.5969941602128
20240326_045600 , 21.191121437499532 , 23.79563213279689 , 966.5491958593931
20240326_045700 , 21.206328565254807 , 23.755842873580452 , 966.4361948164612
20240326_045800 , 21.15563814959023 , 23.409776745723224 , 966.4687924907096
20240326_045900 , 21.175914312363602 , 23.20709286221129 , 966.3905652987352
20240326_050000 , 21.216466651880182 , 23.228098629471628 , 966.3970763642292
20240326_050100 , 21.287433290854096 , 23.231195308768083 , 966.4220407872476
20240326_050200 , 21.38374524927349 , 23.087448015292306 , 966.4578391419288
20240326_050300 , 21.47498825416551 , 23.022419286983215 , 966.4588331735588
20240326_050400 , 21.520609791972674 , 22.975855473792127 , 966.3913745756296
20240326_050500 , 21.576369481306756 , 22.889600982086094 , 966.2575615238588
20240326_050600 , 21.632129205856472 , 22.696597406512247 , 966.3139871918725
20240326_050700 , 21.596645740704844 , 22.855166098359376 , 966.2879640380795
20240326_050800 , 21.652405478060246 , 22.808198550395964 , 966.3172068101852
20240326_050900 , 21.763925058417954 , 22.70298631298224 , 966.294107733703
20240326_051000 , 21.829823058476904 , 22.700561025758645 , 966.4744738947406
20240326_051100 , 21.88558294309769 , 22.65354423634791 , 966.3949202948398
20240326_051200 , 21.910928356839577 , 22.630124685544438 , 966.2425578398537
20240326_051300 , 21.91599744046107 , 22.646799685521806 , 966.1957670770274
20240326_051400 , 21.91599744046107 , 22.635557982053705 , 966.1685728160612
20240326_051500 , 21.880513861222425 , 22.721175409673165 , 966.1425859809949
20240326_051600 , 21.88558294309769 , 22.692887136818204 , 966.1501832136938
20240326_051700 , 21.8754447796382 , 22.777563492684067 , 966.1621812586941
20240326_051800 , 21.865306617342867 , 22.74983505404954 , 966.1197944164078
20240326_051900 , 21.829823058476904 , 22.773615879507247 , 966.1209958427988
20240326_052000 , 21.81968490142026 , 22.79646502503528 , 966.132991055883
20240326_052100 , 21.80447766801808 , 22.768925466902548 , 966.0558195155115
20240326_052200 , 21.73857968687662 , 22.36679202896493 , 966.0386183900231
20240326_052300 , 21.637198273470858 , 22.623386268305474 , 965.9682191624987
20240326_052400 , 21.611852938309312 , 22.56815144611495 , 965.9845928186523
20240326_052500 , 21.677750824863324 , 22.50952913910995 , 965.9202662661957
20240326_052600 , 21.75885598352761 , 22.506510575131973 , 965.9330717553391
20240326_052700 , 21.814615823328495 , 22.44823543625618 , 965.9078752476183
20240326_052800 , 21.9210665243736 , 22.38804088509781 , 965.9042261372263
20240326_052900 , 21.961619206151227 , 22.330298791602573 , 965.9105942107136
20240326_053000 , 21.98189555402496 , 22.32953437092416 , 965.9137761213086
20240326_053100 , 22.042724625585834 , 22.220402078953924 , 965.8961137990901
20240326_053200 , 22.06807008443866 , 22.286920503133455 , 965.8252811025093
20240326_053300 , 22.027517353766598 , 22.372795732942016 , 965.9005310677782
20240326_053400 , 22.05286280825385 , 22.158160571068347 , 965.8569017122464
20240326_053500 , 22.06807008443866 , 22.067602688086847 , 965.8524816964085
20240326_053600 , 22.07313917708234 , 22.123645727441986 , 965.8600750489518
20240326_053700 , 22.078208270017058 , 22.224678102823116 , 965.7860653534136
20240326_053800 , 22.108622833737172 , 22.201027074965317 , 965.7500151007466
20240326_053900 , 22.123830119526247 , 22.251066078449725 , 965.7183858502856
20240326_054000 , 22.11369192870916 , 22.30769000581473 , 965.839214894695
20240326_054100 , 22.108622833737172 , 22.31350541472969 , 965.8044197063889
20240326_054200 , 22.108622833737172 , 22.251642781561518 , 965.8316220366412
20240326_054300 , 22.118761023972183 , 22.251258323012813 , 965.7924022370586
20240326_054400 , 22.063000992086018 , 22.320851826543322 , 965.7360869957378
20240326_054500 , 22.042724625585834 , 22.321617157576988 , 965.7057174782368
20240326_054600 , 22.047793716774322 , 22.417016229559447 , 965.6589105923082
20240326_054700 , 22.012310084566707 , 22.502683049139968 , 965.7417581505506
20240326_054800 , 21.97682646661997 , 22.509628948278944 , 965.6342155058036
20240326_054900 , 21.95655011991039 , 21.852597702723827 , 965.6582378828848
20240326_055000 , 21.834892137441784 , 22.306970995941715 , 965.6119728332545
20240326_055100 , 21.880513861222425 , 22.119753888124567 , 965.5987355779419
20240326_055200 , 21.89065202526399 , 22.119367120884586 , 965.6139211102824
20240326_055300 , 21.966688292683102 , 22.08835320929639 , 965.6462270885763
20240326_055400 , 22.012310084566707 , 22.097853904509577 , 965.5785697482513
20240326_055500 , 22.057931900024414 , 22.084861910099793 , 965.5380944563527
20240326_055600 , 22.017379174008965 , 22.120152079519624 , 965.4501703376953
20240326_055700 , 22.07313917708234 , 22.15176403939285 , 965.3976636331888
20240326_055800 , 22.093415550567443 , 22.150990721438898 , 965.2920152100128
20240326_055900 , 22.133968311507488 , 22.19443861292837 , 965.3527241299763
20240326_060000 , 22.169451992609538 , 22.23808599962102 , 965.4058455964347
20240326_060100 , 22.21000478847418 , 22.10716308247124 , 965.3305250489279
20240326_060200 , 22.169451992609538 , 22.131214689128704 , 965.3786409268308
20240326_060300 , 22.15931379655376 , 22.154101043543786 , 965.4178721641018
20240326_060400 , 22.169451992609538 , 22.03559018479393 , 965.4602549905154
20240326_060500 , 22.194797487842152 , 22.000863697535387 , 965.4437901643446
20240326_060600 , 22.255626706086332 , 22.049155622198448 , 965.5076509047951
20240326_060700 , 22.331663287826814 , 22.006843053077855 , 965.4582179114045
20240326_060800 , 22.27590312148095 , 22.12714481842978 , 965.4563791157773
20240326_060900 , 22.204935687972466 , 22.11860785752973 , 965.4317619092612
20240326_061000 , 22.169451992609538 , 22.170588714901353 , 965.4330502843294
20240326_061100 , 22.144106504652882 , 22.22779941379161 , 965.3406980311494
20240326_061200 , 22.169451992609538 , 22.260584801144752 , 965.4058455964347
20240326_061300 , 22.144106504652882